{"cameraMode":{"drawMode":0,"name":"Shaded","section":"Shading Mode"},"sceneLighting":false,"audioPlay":false,"sceneViewState":{"showFog":true,"showMaterialUpdate":false,"showSkybox":false,"showFlares":true,"showImageEffects":true,"showParticleSystems":true},"in2DMode":false,"pivot":{"x":0.0,"y":1.427504301071167,"z":-0.03820943832397461},"rotation":{"x":0.31509602069854739,"y":0.5250226259231567,"z":-0.21765710413455964,"w":0.7600628137588501},"size":10.924232482910157,"orthographic":true}