{"cameraMode":{"drawMode":0,"name":"Shaded","section":"Shading Mode"},"sceneLighting":false,"audioPlay":false,"sceneViewState":{"showFog":true,"showMaterialUpdate":false,"showSkybox":false,"showFlares":true,"showImageEffects":true,"showParticleSystems":true},"in2DMode":false,"pivot":{"x":0.0,"y":1.003629207611084,"z":-0.0990762710571289},"rotation":{"x":0.22099314630031587,"y":0.5202350616455078,"z":-0.14146210253238679,"w":0.8127155303955078},"size":2.4651355743408205,"orthographic":true}