{"cameraMode":{"drawMode":0,"name":"Shaded","section":"Shading Mode"},"sceneLighting":false,"audioPlay":false,"sceneViewState":{"showFog":true,"showMaterialUpdate":false,"showSkybox":false,"showFlares":true,"showImageEffects":true,"showParticleSystems":true},"in2DMode":false,"pivot":{"x":0.0,"y":1.1647095680236817,"z":-3.5762786865234377e-7},"rotation":{"x":0.2188788652420044,"y":-0.47257548570632937,"z":0.12243176996707916,"w":0.8448522686958313},"size":6.1988091468811039,"orthographic":true}