{"cameraMode":{"drawMode":0,"name":"Shaded","section":"Shading Mode"},"sceneLighting":false,"audioPlay":false,"sceneViewState":{"showFog":true,"showMaterialUpdate":false,"showSkybox":false,"showFlares":true,"showImageEffects":true,"showParticleSystems":true},"in2DMode":false,"pivot":{"x":0.087890625,"y":2.2811219692230226,"z":0.6105483174324036},"rotation":{"x":0.12800921499729157,"y":-0.29285529255867007,"z":0.03959781676530838,"w":0.9467215538024902},"size":7.696221351623535,"orthographic":true}