{"cameraMode":{"drawMode":0,"name":"Shaded","section":"Shading Mode"},"sceneLighting":false,"audioPlay":false,"sceneViewState":{"showFog":true,"showMaterialUpdate":false,"showSkybox":false,"showFlares":true,"showImageEffects":true,"showParticleSystems":true},"in2DMode":false,"pivot":{"x":0.0,"y":1.1647095680236817,"z":-3.5762786865234377e-7},"rotation":{"x":0.15091054141521455,"y":0.13801264762878419,"z":-0.021282294765114785,"w":0.9786349534988403},"size":6.1988091468811039,"orthographic":true}