{"cameraMode":{"drawMode":0,"name":"Shaded","section":"Shading Mode"},"sceneLighting":false,"audioPlay":false,"sceneViewState":{"showFog":true,"showMaterialUpdate":false,"showSkybox":false,"showFlares":true,"showImageEffects":true,"showParticleSystems":true},"in2DMode":false,"pivot":{"x":0.0,"y":1.1647095680236817,"z":-3.5762786865234377e-7},"rotation":{"x":0.14746852219104768,"y":-0.7128537893295288,"z":0.15753771364688874,"w":0.6672912836074829},"size":3.9114880561828615,"orthographic":true}