{"cameraMode":{"drawMode":0,"name":"Shaded","section":"Shading Mode"},"sceneLighting":false,"audioPlay":false,"sceneViewState":{"showFog":true,"showMaterialUpdate":false,"showSkybox":false,"showFlares":true,"showImageEffects":true,"showParticleSystems":true},"in2DMode":false,"pivot":{"x":-0.0009649933781474829,"y":-0.07290361076593399,"z":-0.0061798617243766788},"rotation":{"x":0.038727469742298129,"y":0.950835645198822,"z":-0.2770238518714905,"w":0.132925346493721},"size":5.938106060028076,"orthographic":true}