{"cameraMode":{"drawMode":0,"name":"Shaded","section":"Shading Mode"},"sceneLighting":true,"audioPlay":false,"sceneViewState":{"showFog":true,"showMaterialUpdate":true,"showSkybox":true,"showFlares":true,"showImageEffects":true,"showParticleSystems":true},"in2DMode":false,"pivot":{"x":-0.0000019073486328125,"y":2.874999761581421,"z":-4.570001602172852},"rotation":{"x":0.2631898820400238,"y":0.3605358600616455,"z":-0.10680367052555084,"w":0.8884473443031311},"size":41.19034957885742,"orthographic":true}