{"cameraMode":{"drawMode":0,"name":"Shaded","section":"Shading Mode"},"sceneLighting":false,"audioPlay":false,"sceneViewState":{"showFog":true,"showMaterialUpdate":false,"showSkybox":false,"showFlares":true,"showImageEffects":true,"showParticleSystems":true},"in2DMode":false,"pivot":{"x":0.0,"y":1.1647095680236817,"z":-3.5762786865234377e-7},"rotation":{"x":0.08740156888961792,"y":-0.8455043435096741,"z":0.14600718021392823,"w":0.5061289668083191},"size":6.1988091468811039,"orthographic":true}