{"cameraMode":{"drawMode":0,"name":"Shaded","section":"Shading Mode"},"sceneLighting":false,"audioPlay":false,"sceneViewState":{"showFog":true,"showMaterialUpdate":false,"showSkybox":false,"showFlares":true,"showImageEffects":true,"showParticleSystems":true},"in2DMode":false,"pivot":{"x":0.0,"y":1.1647095680236817,"z":-3.5762786865234377e-7},"rotation":{"x":0.1425185650587082,"y":-0.5688182711601257,"z":0.10086530447006226,"w":0.8037169575691223},"size":4.9240803718566898,"orthographic":true}