{"cameraMode":{"drawMode":0,"name":"Shaded","section":"Shading Mode"},"sceneLighting":false,"audioPlay":false,"sceneViewState":{"showFog":true,"showMaterialUpdate":false,"showSkybox":false,"showFlares":true,"showImageEffects":true,"showParticleSystems":true},"in2DMode":false,"pivot":{"x":0.087890625,"y":2.2811219692230226,"z":0.6105483174324036},"rotation":{"x":0.2507885992527008,"y":-0.5053539276123047,"z":0.1563243567943573,"w":0.8107313513755798},"size":7.696221351623535,"orthographic":true}